1553268145,176,2,NoBug
-1729269102,17,2,NoBug
757675700,92,3,NoBug
1059964748,73,1,NoBug
-1818984894,37,1,NoBug
621477893,67,2,NoBug
669156311,97,2,NoBug
179234326,67,1,NoBug
-1606784537,178,1,NoBug
1862454710,344,1,NoBug
-551393441,201,1,NoBug
-1744731060,434,4,NoBug
-1748651347,390,4,NoBug
689313600,645,2,NoBug
34123075,1154,2,NoBug
1557716071,53,3,NoBug
2091368058,538,2,NoBug
-1642925979,149,2,NoBug
-606382517,102,2,NoBug
-534586382,105,2,NoBug
1852916129,128,3,NoBug
-2025416264,416,1,NoBug
377719548,349,5,NoBug
787316409,601,2,NoBug
2093061369,199,1,NoBug
365114678,1577,3,NoBug
409966249,188,2,NoBug
1050605140,89,2,NoBug
-1937575892,263,1,NoBug
796943907,124,2,NoBug
1095955103,225,2,NoBug
929957721,230,2,NoBug
946985619,207,1,NoBug
1944598071,153,2,NoBug
1575853937,377,2,NoBug
-1315324142,353,3,NoBug
286977587,578,3,NoBug
-1537743794,454,2,NoBug
968167304,204,2,NoBug
405023319,637,7,NoBug
-1083080284,108,2,NoBug
634213904,507,1,NoBug
378131084,502,2,NoBug
-1669516223,223,1,NoBug
-1760023932,122,2,NoBug
381430589,1083,5,NoBug
-948073743,38,1,NoBug
345417155,136,2,NoBug
56764888,10,1,NoBug
-1238532933,9,0,NoBug
-1392174602,9,0,NoBug
128368705,10,1,NoBug
-1752062808,10,1,NoBug
1507054799,27,1,NoBug
-509161531,10,1,NoBug
-13137550,17,1,NoBug
-1313492522,91,4,NoBug
-313137244,82,1,NoBug
-1822195238,97,2,NoBug
746656391,409,2,NoBug
-1542799221,20,4,NoBug
1360566277,85,2,NoBug
1543627035,23,2,NoBug
2025026144,39,2,NoBug
895487593,64,1,NoBug
-169361429,89,1,NoBug
660669462,145,1,NoBug
-2140190677,268,2,NoBug
1211938711,105,3,NoBug
-83104816,99,3,NoBug
-838691043,1091,2,NoBug
-997300264,16,1,NoBug
-1126350611,31,1,NoBug
817224438,79,0,NoBug
-684402847,5,1,NoBug
-1939329841,9,1,NoBug
918392696,4,1,NoBug
1550277981,6,1,NoBug
-1911063732,15,1,NoBug
1786657159,9,1,NoBug
-906263404,22,1,NoBug
167610382,30,1,NoBug
-1622994636,25,1,NoBug
28630190,15,1,NoBug
806235392,26,1,NoBug
-1474745761,5,1,NoBug
-1250483205,9,1,NoBug
1945804711,38,1,NoBug
-861028725,20,1,NoBug
552407321,5,1,NoBug
-1479270455,51,1,NoBug
459205671,16,1,NoBug
-112000285,12,1,NoBug
-586693675,48,1,NoBug
-1825266008,11,1,NoBug
-1755445002,47,1,NoBug
-1305558239,22,1,NoBug
-2024788132,29,1,NoBug
-1800098529,9,1,NoBug
-2073812459,6,1,NoBug
-1637422792,51,1,NoBug
-365746490,16,1,NoBug
-1380896665,4,1,NoBug
1128578896,30,1,NoBug
1987291621,16,1,NoBug
1679412867,28,1,NoBug
966564969,8,1,NoBug
-953678193,48,1,NoBug
648676157,12,1,NoBug
1026380871,5,1,NoBug
-1763321674,5,1,NoBug
-604930699,90,1,NoBug
-1298688509,5,1,NoBug
1650126686,5,1,NoBug
865420225,21,1,NoBug
-762203152,8,1,NoBug
-269314916,4,1,NoBug
1143780841,21,1,NoBug
-313781711,220,1,NoBug
2062032618,102,1,NoBug
2145393235,338,1,NoBug
177981116,8,1,NoBug
1848785589,579,1,NoBug
-727421612,26,1,NoBug
1150880608,7,1,NoBug
417822029,36,0,NoBug
873078676,339,1,NoBug
-2044253710,252,2,NoBug
-33753779,14,1,NoBug
722468407,124,2,NoBug
-592697177,4,1,NoBug
1324841738,27,1,NoBug
1435062697,18,1,NoBug
1721221345,31,1,NoBug
-453435081,158,1,NoBug
1198409938,17,1,NoBug
1966983708,4,1,NoBug
-1968184514,47,0,NoBug
-94581874,50,1,NoBug
1449363410,10,1,NoBug
-1284862692,76,1,NoBug
-294152950,12,1,NoBug
1164285419,94,1,NoBug
-226006431,3,0,NoBug
45005040,11,1,NoBug
-1489595453,8,1,NoBug
-532291356,156,1,NoBug
1589583503,143,1,NoBug
1560719358,116,1,NoBug
-314012871,327,1,NoBug
159360381,10,1,NoBug
-1694659683,15,1,NoBug
1439101114,38,1,NoBug
-1661190716,23,1,NoBug
1416305087,175,1,NoBug
935754534,3,0,NoBug
1203284014,427,1,NoBug
-249941597,29,1,NoBug
676406348,40,1,NoBug
670735893,104,1,NoBug
2042287274,449,3,NoBug
-852457365,505,2,NoBug
-1588479832,13,1,NoBug
-2078746773,33,1,NoBug
321271993,112,2,NoBug
-1028379833,6,1,NoBug
-1648907714,488,3,NoBug
2116906971,118,2,NoBug
-468901551,112,4,NoBug
-1232010722,94,1,NoBug
-782848934,46,10,NoBug
-1234969016,225,4,NoBug
317429820,11,1,NoBug
-1250813415,64,2,NoBug
-2124393755,96,2,NoBug
-1969152249,74,2,NoBug
-1533422757,62,1,NoBug
-665928567,35,1,NoBug
1244806509,11,1,NoBug
-1714324035,46,2,NoBug
-556840599,25,2,NoBug
1036123502,262,1,NoBug
335901059,419,2,NoBug
300040403,33,2,NoBug
-580846897,124,2,NoBug
-1461005082,27,1,NoBug
-718806753,13,1,NoBug
646584624,70,2,NoBug
227230960,28,1,NoBug
1285456663,39,1,NoBug
-53734008,18,1,NoBug
421823895,10,1,NoBug
-645685210,6,0,NoBug
-1564985721,4,1,NoBug
968378112,36,1,NoBug
-1412713884,8,1,NoBug
-1314915544,7,1,NoBug
978883590,4,1,NoBug
58276193,44,2,NoBug
-1621118846,37,2,NoBug
492619430,141,1,NoBug
-1337770069,90,2,NoBug
1817793912,16,1,NoBug
652221087,39,2,NoBug
-555373840,91,6,NoBug
142655819,184,3,NoBug
1696796928,301,3,NoBug
1891503066,121,1,NoBug
-496761371,358,2,NoBug
-1589929749,390,2,NoBug
1282542436,213,1,NoBug
1634512199,69,4,NoBug
-1995767842,81,4,NoBug
-1454540312,57,2,NoBug
892443180,64,2,NoBug
-603431741,81,4,NoBug
1731684833,90,5,NoBug
1842332094,179,1,NoBug
-1663258355,86,1,NoBug
-241226575,24,1,NoBug
2096003321,27,1,NoBug
-560869851,14,1,NoBug
-1059503804,14,1,NoBug
-1053230614,39,1,NoBug
-1591109860,20,1,NoBug
-318529475,39,3,NoBug
-664377304,35,1,NoBug
495490791,20,1,NoBug
1160789519,54,4,NoBug
-892044295,113,2,NoBug
-2002405850,81,5,NoBug
-1055224172,14,1,NoBug
187496936,14,1,NoBug
-1388932812,33,2,NoBug
-426686394,25,1,NoBug
1985265257,17,1,NoBug
-864997525,10,1,NoBug
-1190424638,64,4,NoBug
-1263665110,14,1,NoBug
1377616596,17,1,NoBug
1675174489,148,2,NoBug
2117253310,43,1,NoBug
1471106028,93,1,NoBug
-2113577438,34,1,NoBug
-1155061146,65,1,NoBug
2092675785,95,1,NoBug
-1197704136,27,1,NoBug
-582176673,40,1,NoBug
-915272460,9,1,NoBug
1424992685,37,1,NoBug
737186027,9,1,NoBug
1670699123,25,1,NoBug
1008805929,164,2,NoBug
1361537321,9,1,NoBug
-2144863348,16,1,NoBug
-1956522293,109,2,NoBug
-1389285905,54,2,NoBug
-902674826,9,1,NoBug
2082992463,30,1,NoBug
-1939742442,9,1,NoBug
544627576,28,1,NoBug
1720883905,46,1,NoBug
1695101093,9,1,NoBug
-1057891350,9,1,NoBug
-792750868,223,1,NoBug
-649338099,9,1,NoBug
-831058026,9,1,NoBug
1715449130,501,3,NoBug
-542068933,189,1,NoBug
-754026125,84,1,NoBug
1793813457,300,1,NoBug
-399574121,39,3,NoBug
-1306042617,282,3,NoBug
1265286338,378,1,NoBug
-1644752314,84,3,NoBug
-275898383,514,1,NoBug
-1979751814,44,4,NoBug
-1180509751,417,6,NoBug
1782851905,378,1,NoBug
-173608,127,2,NoBug
-1948455860,79,1,NoBug
786512475,23,2,NoBug
-1214015081,292,1,NoBug
34476576,314,1,NoBug
-677517627,16,1,NoBug
1657058029,504,2,NoBug
1416434664,6,1,NoBug
916937192,8,1,NoBug
-1233374595,8,1,NoBug
-1997529661,17,1,NoBug
-1687548757,21,1,NoBug
693204046,112,1,NoBug
-167094731,73,1,NoBug
-641842085,452,1,NoBug
-118105445,603,1,NoBug
1361179672,1031,10,NoBug
-1893007267,30,1,NoBug
-1158304317,52,1,NoBug
-199880725,739,1,NoBug
-1484073757,180,1,NoBug
-63931871,129,2,NoBug
-1747202332,90,1,NoBug
1020823389,153,1,NoBug
249381183,82,1,NoBug
1167579013,46,2,NoBug
478711120,395,1,NoBug
1470939115,110,3,NoBug
1728747964,102,2,NoBug
-2003305384,281,1,NoBug
-900069384,62,1,NoBug
1534229888,83,2,NoBug
1418001093,180,1,NoBug
-66648580,35,1,NoBug
-1715980991,378,6,NoBug
-1604151207,66,3,NoBug
-1764012956,148,3,NoBug
-1107110964,669,2,NoBug
-824729236,40,2,NoBug
1705361763,118,1,NoBug
-1011069111,57,2,NoBug
411953595,855,7,NoBug
-1118162170,691,1,NoBug
-659763688,25,1,NoBug
898914851,102,1,NoBug
-1857700034,765,2,NoBug
-611078523,38,1,NoBug
-885250380,277,3,NoBug
680747697,113,1,NoBug
789245191,490,2,NoBug
1632383773,240,2,NoBug
1458635249,31,2,NoBug
-1948741435,207,8,NoBug
549244290,470,2,NoBug
-1161238334,1635,1,NoBug
-1125239816,171,1,NoBug
-696638940,605,3,NoBug
-1828501054,34,1,NoBug
-1248624316,313,3,NoBug
2047721952,871,2,NoBug
-91825938,3759,2,NoBug
-958958473,48,1,NoBug
1216559906,196,1,NoBug
870484998,415,1,NoBug
1230651846,286,2,NoBug
1642787651,681,5,NoBug
43327098,73,1,NoBug
1045152671,270,6,NoBug
1599518478,864,1,NoBug
1575847606,1062,2,NoBug
1750320404,218,2,NoBug
1050369288,359,1,NoBug
-460316461,153,2,NoBug
69701631,92,1,NoBug
537394149,114,1,NoBug
-513766490,358,3,NoBug
-1747286296,236,3,NoBug
1916264517,195,1,NoBug
-558536252,34,1,NoBug
-309100453,111,1,NoBug
-1721029195,697,2,NoBug
1672249288,74,1,NoBug
29040444,491,1,NoBug
134984361,37,1,NoBug
1284497874,364,1,NoBug
-535649326,1199,1,NoBug
-1404455946,35,1,NoBug
-1715275582,53,2,NoBug
-1420904662,611,4,NoBug
511642568,240,1,NoBug
10948058,875,1,NoBug
-669228140,69,2,NoBug
1755967200,109,1,NoBug
954558862,143,1,NoBug
1140515487,98,1,NoBug
1317210954,250,1,NoBug
-1282736201,89,1,NoBug
1636382130,53,1,NoBug
895064337,28,1,NoBug
-2126152378,340,1,NoBug
347021286,12,1,NoBug
-1373694508,28,1,NoBug
-1297517292,198,4,NoBug
1748344787,172,1,NoBug
528435771,25,1,NoBug
626264056,14,1,NoBug
1922957700,44,1,NoBug
-220369057,6,1,NoBug
-2139084428,10,1,NoBug
497951076,17,1,NoBug
-148365989,7,1,NoBug
-1381946299,25,1,NoBug
2095833481,109,1,NoBug
540194482,6,1,NoBug
-1258745369,252,1,NoBug
-1850442718,69,2,NoBug
-537920261,81,2,NoBug
762066828,34,2,NoBug
206734149,1695,4,NoBug
220249533,376,2,NoBug
1488123191,46,1,NoBug
1522354788,6,1,NoBug
1727904399,31,5,NoBug
2024372029,23,1,NoBug
-1037611218,285,1,NoBug
1113848541,29,1,NoBug
265250820,25,1,NoBug
-856748750,126,1,NoBug
-756968594,18,1,NoBug
-1354319404,13,0,NoBug
-422664435,225,8,NoBug
-1033888451,741,5,NoBug
-1689026708,975,3,NoBug
-2110332308,185,2,NoBug
555280661,162,2,NoBug
-1390423088,142,1,NoBug
2133687552,31,1,NoBug
-270256196,90,1,NoBug
981303640,437,1,NoBug
876069285,33,2,NoBug
622094514,27,1,NoBug
-1806045288,1143,3,NoBug
-453051723,165,1,NoBug
-1466708004,330,4,NoBug
-178994967,14,1,NoBug
1385366915,146,4,NoBug
2087799529,14,1,NoBug
970531187,109,4,NoBug
-1311146617,92,7,NoBug
1304476507,432,3,NoBug
1739805692,110,2,NoBug
-56538003,85,2,NoBug
-1868411130,189,1,NoBug
318300570,313,2,NoBug
1138435839,88,6,NoBug
-1919859455,178,2,NoBug
-1968835378,452,2,NoBug
-1055774312,198,2,NoBug
-696018833,34,2,NoBug
1608977886,146,10,NoBug
-1655034145,129,5,NoBug
1902200937,54,3,NoBug
967086613,223,6,NoBug
1935324670,61,2,NoBug
1502768878,247,3,NoBug
-5622976,29,1,NoBug
1649658179,104,2,NoBug
-629078102,61,1,NoBug
-2090697672,12,1,NoBug
856580878,1012,4,NoBug
-1235652621,57,1,NoBug
1424780866,5,1,NoBug
57177687,37,1,NoBug
-1355289990,1261,2,NoBug
566352467,26,2,NoBug
-20853356,102,1,NoBug
2041761333,42,2,NoBug
-1234606146,527,1,NoBug
850671864,115,2,NoBug
1280479391,15,0,NoBug
2011163592,17,1,NoBug
1313181138,250,1,NoBug
-465598663,121,3,NoBug
-587661683,8,1,NoBug
1450179427,33,2,NoBug
1527456096,295,2,NoBug
1150227460,40,2,NoBug
304840230,9,1,NoBug
564754453,228,3,NoBug
-824287959,111,2,NoBug
-165012963,68,2,NoBug
376992030,232,1,NoBug
-699642373,956,4,NoBug
146220371,276,1,NoBug
-1235196514,87,1,NoBug
-1835763418,1759,8,NoBug
1647802507,1316,5,NoBug
-588667795,63,1,NoBug
-527166754,599,2,NoBug
1625992085,868,2,NoBug
938827837,237,2,NoBug
1544717741,548,3,NoBug
-1386701740,118,2,NoBug
259613332,689,1,NoBug
264214206,335,5,NoBug
-410913406,12,1,NoBug
513772639,200,3,NoBug
28880412,8,1,NoBug
1270266609,83,1,NoBug
1764055220,206,1,NoBug
-1858027192,83,2,NoBug
-1923078042,24,1,NoBug
-1548754773,262,1,NoBug
-1440311441,108,4,NoBug
-285293773,134,1,NoBug
-517490737,25,5,NoBug
1800052750,69,5,NoBug
-1355800304,225,4,NoBug
1616896814,41,3,NoBug
-224130863,32,4,NoBug
324190341,44,2,NoBug
865459142,3,0,NoBug
998574298,5,0,NoBug
368712865,146,2,NoBug
1472572090,465,4,NoBug
1051156683,25,6,NoBug
754049759,127,4,NoBug
1851386590,36,4,NoBug
1009924313,122,5,NoBug
-1957367866,35,5,NoBug
-74742654,233,2,NoBug
-175033050,47,6,NoBug
1843073627,6,1,NoBug
1113739806,14,1,NoBug
-1292519749,82,3,NoBug
-368911370,366,2,NoBug
470077873,17,1,NoBug
1943348252,6,1,NoBug
-142969670,42,1,NoBug
877637028,39,2,NoBug
538177275,67,2,NoBug
-2096807094,24,2,NoBug
963612123,35,1,NoBug
-917979030,49,1,NoBug
-851826410,24,1,NoBug
-1024862007,170,1,NoBug
1064248282,222,5,NoBug
500819125,683,1,NoBug
361557401,78,2,NoBug
-1163182890,32,1,NoBug
-1420756656,1445,1,NoBug
-22602962,44,4,NoBug
1622333665,43,1,NoBug
-1052362592,183,1,NoBug
-1073227782,22,1,NoBug
-667861888,17,1,NoBug
-239478653,68,1,NoBug
212054877,31,1,NoBug
-1698090172,40,2,NoBug
1884262680,17,1,NoBug
-1120363242,149,1,NoBug
-16740485,37,2,NoBug
-852987885,32,3,NoBug
-787340630,301,1,NoBug
2043691339,36,2,NoBug
1083394162,535,2,NoBug
871398518,129,1,NoBug
1540387472,22,1,NoBug
-1981908571,1180,4,NoBug
-956890034,58,1,NoBug
-1892153608,579,1,NoBug
1621653432,49,1,NoBug
-1685958371,107,0,NoBug
1436337669,22,1,NoBug
279277630,195,5,NoBug
1319307885,356,1,NoBug
1350771633,84,5,NoBug
-1812262489,27,5,NoBug
-61437347,22,1,NoBug
-1208491106,219,4,NoBug
2027570297,120,5,NoBug
1222539299,37,1,NoBug
-1731013434,279,1,NoBug
1343086501,30,1,NoBug
-455370395,124,10,NoBug
-2025409846,53,1,NoBug
339968005,137,1,NoBug
606494760,49,9,NoBug
629755734,10,1,NoBug
-1762071678,26,4,NoBug
-806943770,41,3,NoBug
1050186921,244,5,NoBug
1432188060,35,1,NoBug
-801077002,182,3,NoBug
-1810206879,32,4,NoBug
-1304453321,19,3,NoBug
333952956,40,1,NoBug
646573910,51,3,NoBug
1411086568,42,3,NoBug
-555941189,16,3,NoBug
1998565875,28,5,NoBug
-230878022,201,3,NoBug
-1376611768,105,4,NoBug
934644711,92,1,NoBug
-1607092367,45,4,NoBug
978296345,48,9,NoBug
1105484983,41,7,NoBug
1513301212,36,2,NoBug
314964611,16,3,NoBug
446368855,42,8,NoBug
-1834279384,47,4,NoBug
-395756410,112,2,NoBug
-822080401,26,4,NoBug
-1150883752,49,3,NoBug
2640961,108,1,NoBug
-949061307,26,4,NoBug
-821894762,148,1,NoBug
1877452059,57,11,NoBug
486065154,37,7,NoBug
1215518629,18,1,NoBug
1021493616,149,2,NoBug
1795187405,220,2,NoBug
423563566,83,1,NoBug
1177537167,30,1,NoBug
326465041,42,1,NoBug
-1508553557,26,1,NoBug
-426308375,4,1,NoBug
344070421,5,1,NoBug
522046519,16,1,NoBug
1069272999,80,1,NoBug
-1663577661,22,1,NoBug
-1155255119,82,1,NoBug
-1494494551,15,1,NoBug
-1261641582,12,1,NoBug
-1419032675,11,1,NoBug
39087076,12,1,NoBug
-1746601991,10,1,NoBug
-94893650,19,2,NoBug
-656190999,4,1,NoBug
527227855,23,1,NoBug
-1456474944,3,1,NoBug
2080815065,32,1,NoBug
111058533,44,1,NoBug
-433398612,93,1,NoBug
-177792490,58,1,NoBug
-768651715,35,6,NoBug
1381628734,29,1,NoBug
1108610940,441,2,NoBug
920223345,174,2,NoBug
-1175806031,29,1,NoBug
477902325,35,1,NoBug
1790138769,104,1,NoBug
-712257898,41,2,NoBug
-1112407958,71,3,NoBug
1312333674,49,1,NoBug
306515582,93,1,NoBug
1393344296,56,1,NoBug
-1111643015,50,1,NoBug
-803877946,57,1,NoBug
443988760,53,2,NoBug
-311328667,145,2,NoBug
-1969369317,168,6,NoBug
-1225200130,38,2,NoBug
402199407,18,2,NoBug
322972623,16,1,NoBug
1664764486,104,2,NoBug
-159317556,133,2,NoBug
589606239,13,0,NoBug
1706931086,8,1,NoBug
1043501123,106,2,NoBug
1388674789,35,1,NoBug
1030861510,215,1,NoBug
-1351394362,120,2,NoBug
161142614,86,2,NoBug
-393981762,37,7,NoBug
1630364814,125,1,NoBug
-1485793755,44,1,NoBug
-783223189,120,5,NoBug
316955797,226,2,NoBug
-1336327536,205,5,NoBug
-1348547959,130,2,NoBug
-55089643,979,2,NoBug
-392185265,131,1,NoBug
1216004029,211,3,NoBug
700519787,25,1,NoBug
-1273441822,133,1,NoBug
-1073263499,77,1,NoBug
1062317234,672,2,NoBug
706236666,37,1,NoBug
-1611922865,51,2,NoBug
-1808988691,131,1,NoBug
-527564686,129,2,NoBug
77771483,119,8,NoBug
-1291261608,25,1,NoBug
-218291334,301,1,NoBug
-630594894,287,3,NoBug
766093303,105,1,NoBug
-1421609865,288,2,NoBug
-2101321785,267,1,NoBug
1799266973,206,4,NoBug
1085625767,122,1,NoBug
-1647865578,81,1,NoBug
-1676088509,274,2,NoBug
-345501037,558,1,NoBug
1712774890,216,1,NoBug
1829152007,73,2,NoBug
391986217,16,1,NoBug
549881315,77,1,NoBug
784986716,6,1,NoBug
574058112,7,1,NoBug
2109948614,6,1,NoBug
-1310477018,97,2,NoBug
172353035,33,1,NoBug
297862815,98,1,NoBug
1960680856,24,1,NoBug
1585310107,24,1,NoBug
1237176084,5,1,NoBug
303411768,26,2,NoBug
1407226694,209,2,NoBug
997851242,51,1,NoBug
-2005411143,235,3,NoBug
653899827,58,2,NoBug
-1367424927,172,1,NoBug
-513638540,88,1,NoBug
-1737723284,378,1,NoBug
1809125667,22,1,NoBug
572153109,22,1,NoBug
846994930,614,2,NoBug
1098324426,23,1,NoBug
1748165496,54,3,NoBug
-1926044056,26,1,NoBug
-1427657374,34,1,NoBug
-2052648601,30,1,NoBug
1672144626,50,1,NoBug
1179787637,66,1,NoBug
-519155508,36,1,NoBug
222293344,87,1,NoBug
1165486766,30,1,NoBug
1349393895,255,1,NoBug
1074687986,5,1,NoBug
1394056956,110,3,NoBug
-1480301295,22,1,NoBug
21806920,24,1,NoBug
-204356129,119,1,NoBug
-1201317747,126,1,NoBug
-437535844,190,5,NoBug
1070234022,52,2,NoBug
-1931905384,45,1,NoBug
500566086,872,4,NoBug
-859437175,204,2,NoBug
-1051532876,10,1,NoBug
2085310090,278,2,NoBug
304571956,20,1,NoBug
-73049456,190,1,NoBug
1964285019,73,1,NoBug
-1071653557,58,1,NoBug
-414669067,8,1,NoBug
-1568710478,10,1,NoBug
1799076035,5,1,NoBug
-960593621,6,1,NoBug
1771223357,11,1,NoBug
-458822911,394,5,NoBug
1541926355,4,1,NoBug
-2031049287,18,1,NoBug
-573038044,155,6,NoBug
150434446,35,3,NoBug
1492074645,223,3,NoBug
1445725203,130,2,NoBug
-887969840,73,1,NoBug
492268902,95,1,NoBug
-1211304033,210,2,NoBug
1636587517,50,2,NoBug
-1280783940,188,1,NoBug
-267661712,249,2,NoBug
-2084500084,339,1,NoBug
2015628505,605,3,NoBug
-1681151681,221,3,NoBug
-732917819,878,2,NoBug
806735451,252,1,NoBug
-689423856,236,2,NoBug
1573360793,306,4,NoBug
125592856,150,1,NoBug
-325747528,160,2,NoBug
518500043,841,3,NoBug
-1425512906,87,1,NoBug
-2076009168,147,1,NoBug
994132799,367,1,NoBug
-1850068752,396,2,NoBug
-212296549,57,1,NoBug
692432938,64,2,NoBug
-2019719886,70,1,NoBug
2026149169,1154,2,NoBug
1827773851,410,1,NoBug
-915019853,426,2,NoBug
353946511,552,2,NoBug
1679519618,75,1,NoBug
1615604186,354,1,NoBug
-1126357743,81,2,NoBug
-1957229593,92,2,NoBug
-901304739,74,2,NoBug
2120900589,812,3,NoBug
474724804,412,2,NoBug
-2071633041,277,2,NoBug
1395757863,332,1,NoBug
1985720734,1165,5,NoBug
-416771023,188,3,NoBug
-571521015,118,1,NoBug
-1775352561,275,1,NoBug
2051889061,507,2,NoBug
-1698140699,77,1,NoBug
162602765,542,1,NoBug
-154457474,473,3,NoBug
-1859314152,334,2,NoBug
-1126412693,132,2,NoBug
-968193256,598,3,NoBug
-1871555092,213,3,NoBug
-355678602,750,1,NoBug
533079298,1150,4,NoBug
-1489813182,102,2,NoBug
29505414,505,1,NoBug
-695164096,184,1,NoBug
1568881840,37,1,NoBug
-532216467,30,1,NoBug
748239711,333,1,NoBug
-75955316,39,1,NoBug
310095062,118,1,NoBug
-1583353562,339,5,NoBug
-339134407,64,3,NoBug
1882004732,172,3,NoBug
1135950224,95,2,NoBug
-605119919,45,2,NoBug
412756051,38,1,NoBug
1403151314,277,5,NoBug
627694281,407,8,NoBug
1349494492,719,1,NoBug
722307350,118,4,NoBug
1085531810,16,1,NoBug
1812879066,106,4,NoBug
1962373484,111,1,NoBug
-322472300,281,2,NoBug
1805960765,86,1,NoBug
-1175016021,836,1,NoBug
-283756536,184,2,NoBug
-1825658368,68,1,NoBug
1045532416,318,1,NoBug
-749714353,203,2,NoBug
-1364927989,105,1,NoBug
-1173978667,368,2,NoBug
292589269,171,1,NoBug
2095335052,103,1,NoBug
-1584782856,201,3,NoBug
1795414597,62,1,NoBug
-664278608,127,1,NoBug
-1308308578,738,2,NoBug
455201511,70,1,NoBug
718197798,319,3,NoBug
77411155,73,1,NoBug
-2580052,68,1,NoBug
-1406963159,210,2,NoBug
1962414419,87,1,NoBug
1967179873,152,3,NoBug
1906834434,77,1,NoBug
-1785550939,168,1,NoBug
1698152711,240,3,NoBug
-1416699664,185,2,NoBug
-1937853043,106,1,NoBug
-218629365,309,1,NoBug
-308135021,113,1,NoBug
1310581600,364,3,NoBug
-1313007896,15,1,NoBug
2038843976,280,3,NoBug
815381016,177,1,NoBug
129351962,197,2,NoBug
-1830856910,584,1,NoBug
-320649094,288,1,NoBug
-1942751877,156,1,NoBug
-881554928,441,5,NoBug
-990823469,329,7,NoBug
-2012946541,161,1,NoBug
421797907,16,1,NoBug
-1107379016,111,3,NoBug
-2068202192,33,1,NoBug
-759161127,372,3,NoBug
-888746929,403,9,NoBug
200904360,18,1,NoBug
1159115545,417,5,NoBug
498436562,303,2,NoBug
-1339520783,38,2,NoBug
-717062722,27,1,NoBug
-2007304575,65,1,NoBug
-498080576,76,1,NoBug
-644343356,14,1,NoBug
-1895939969,129,1,NoBug
211406334,228,2,NoBug
-1910577096,355,2,NoBug
-354390396,33,1,NoBug
959742243,620,1,NoBug
-1568322452,40,1,NoBug
-1408538353,144,4,NoBug
-1154424497,795,2,NoBug
1006558199,24,1,NoBug
1227831742,6,1,NoBug
-307829858,140,2,NoBug
-1136583069,59,3,NoBug
-2099637407,994,2,NoBug
-881070375,1158,1,NoBug
-421610735,961,1,NoBug
-1964432767,49,2,NoBug
-181648410,24,1,NoBug
523882548,72,2,NoBug
1071453190,24,1,NoBug
-1623270392,153,1,NoBug
1393415827,397,2,NoBug
-465793622,331,19,NoBug
-887913466,27,1,NoBug
95214085,38,1,NoBug
1861706553,13,0,NoBug
-1853533900,14,1,NoBug
-1559489152,4,1,NoBug
-1761830591,16,1,NoBug
-1933116060,8,1,NoBug
738496726,4,1,NoBug
299522199,8,1,NoBug
112824174,4,1,NoBug
-799779421,24,1,NoBug
-2053289141,31,1,NoBug
-771264533,128,1,NoBug
-912941128,102,2,NoBug
377351918,283,2,NoBug
-1819798761,332,1,NoBug
-1785992636,233,2,NoBug
2101275251,496,1,NoBug
-1337488660,73,5,NoBug
847535996,8,1,NoBug
-774962954,26,1,NoBug
-1030749519,139,1,NoBug
1139363003,45,1,NoBug
-1753200105,220,2,NoBug
1504306166,23,1,NoBug
-1000470337,39,2,NoBug
1152858267,706,2,NoBug
1234844868,229,5,NoBug
-1862456946,58,1,NoBug
-339096892,24,1,NoBug
768873387,70,2,NoBug
-1360591356,76,1,NoBug
-599094613,285,1,NoBug
-1557854253,133,1,NoBug
1446725354,45,1,NoBug
-747561316,19,1,NoBug
957655580,79,1,NoBug
1688362645,75,1,NoBug
995682030,49,1,NoBug
1749046333,105,2,NoBug
454863316,329,1,NoBug
-1807164569,172,2,NoBug
1475960783,97,3,NoBug
1086719103,109,2,NoBug
85557445,85,1,NoBug
-2092947570,1918,4,NoBug
804702006,303,1,NoBug
1253319460,91,2,NoBug
-440263956,96,3,NoBug
2143826126,23,1,NoBug
-1712261682,472,1,NoBug
-2098308124,26,1,NoBug
-1410662125,98,3,NoBug
949322900,120,2,NoBug
-1712454082,29,1,NoBug
-1451110562,124,2,NoBug
454825336,7,1,NoBug
647550545,917,1,NoBug
-1299878208,131,2,NoBug
1495454846,25,1,NoBug
1653829567,49,2,NoBug
-1465524743,100,1,NoBug
466029417,91,1,NoBug
-385800267,70,2,NoBug
-680461095,19,1,NoBug
-1337163520,15,1,NoBug
-1490656291,29,1,NoBug
2039736029,31,1,NoBug
-1942858323,72,2,NoBug
-972290951,19,1,NoBug
-1344351237,235,2,NoBug
-104379509,10,1,NoBug
-2124516039,124,1,NoBug
-103614151,108,2,NoBug
157456867,52,3,NoBug
-57472785,97,3,NoBug
-1632557296,71,1,NoBug
681781525,56,1,NoBug
1759103974,78,3,NoBug
-1944164077,3,0,NoBug
-2108292214,11,1,NoBug
1175604278,10,1,NoBug
-918615346,3,0,NoBug
-54939566,294,1,NoBug
-806812836,229,1,NoBug
-321888574,103,1,NoBug
-1429793020,500,6,NoBug
634241673,34,2,NoBug
1131970252,7,1,NoBug
1155421659,7,1,NoBug
1171707111,30,1,NoBug
635543645,109,1,NoBug
-512184052,3,0,NoBug
-1900801107,192,3,NoBug
972133366,39,1,NoBug
-892424367,31,1,NoBug
735015614,112,2,NoBug
1439328394,10,1,NoBug
-1737206284,49,1,NoBug
-264304027,13,1,NoBug
768677773,2104,13,NoBug
-1059391113,128,0,NoBug
-261713402,13,1,NoBug
1253698759,18,1,NoBug
-1084203003,74,3,NoBug
-1203505649,92,0,NoBug
-1061485603,21,2,NoBug
-32360036,21,2,NoBug
-2054583418,16,1,NoBug
364455535,21,1,NoBug
1864405093,172,1,NoBug
-1407019307,109,4,NoBug
-796904012,29,2,NoBug
-2024570753,16,1,NoBug
530100354,13,1,NoBug
1184563838,18,1,NoBug
26695602,166,4,NoBug
-2062238630,55,1,NoBug
-73498459,21,2,NoBug
-1508258711,41,1,NoBug
964785847,30,1,NoBug
1143735472,20,1,NoBug
-1312856107,353,1,NoBug
-1867224005,55,1,NoBug
1022664206,38,1,NoBug
-754951563,16,1,NoBug
-351901760,20,1,NoBug
-1583782247,23,1,NoBug
-316390032,16,1,NoBug
501382829,48,1,NoBug
532104471,164,1,NoBug
1636645401,19,2,NoBug
1283640239,28,2,NoBug
181179077,2790,6,NoBug
321861771,161,3,NoBug
-1115009337,30,1,NoBug
1966964519,12,1,NoBug
121961146,38,2,NoBug
1374990933,24,1,NoBug
-1943401113,105,2,NoBug
-951069542,24,1,NoBug
2145403614,279,4,NoBug
132073116,21,2,NoBug
439883428,13,1,NoBug
1777609148,7,1,NoBug
120906232,4,1,NoBug
1610770408,82,1,NoBug
257270587,27,1,NoBug
-577665608,30,1,NoBug
-756790501,24,1,NoBug
310541239,146,1,NoBug
16731183,15,1,NoBug
-1592565022,16,1,NoBug
1128679267,27,1,NoBug
532813509,46,2,NoBug
-1362261595,30,1,NoBug
-534278154,32,2,NoBug
-806037936,24,1,NoBug
-247487465,68,1,NoBug
1554917893,51,1,NoBug
816426994,20,1,NoBug
-504205851,20,1,NoBug
177622149,55,4,NoBug
-1710814533,18,1,NoBug
-1068824367,15,1,NoBug
-1369535195,20,1,NoBug
1929145364,28,1,NoBug
-1991796003,28,1,NoBug
-1292767402,13,1,NoBug
751916983,41,2,NoBug
1099450822,71,1,NoBug
971673541,548,1,NoBug
-1586065067,392,2,NoBug
-478124085,35,2,NoBug
-1309033550,68,3,NoBug
1832098068,30,1,NoBug
1203371974,22,1,NoBug
-1270692498,21,1,NoBug
1677251557,10,1,NoBug
482078590,43,1,NoBug
1344495428,16,1,NoBug
916219821,45,1,NoBug
-1371788058,45,2,NoBug
-1199075593,32,2,NoBug
1405385021,44,4,NoBug
1878919825,20,1,NoBug
1542841488,31,1,NoBug
857538994,56,2,NoBug
755961572,18,1,NoBug
654444250,21,1,NoBug
1871070872,10,1,NoBug
-1723302407,17,1,NoBug
943121562,287,16,NoBug
510843066,70,2,NoBug
913569035,278,3,NoBug
1780013236,34,1,NoBug
994942181,40,1,NoBug
-1861342566,35,1,NoBug
275113044,6,1,NoBug
1775838877,46,1,NoBug
-1711018117,83,2,NoBug
-1661837857,47,1,NoBug
-702404572,44,1,NoBug
2133015475,83,2,NoBug
-724828481,103,3,NoBug
1038010669,61,1,NoBug
-1629872907,41,1,NoBug
1564014519,168,1,NoBug
-1557698188,283,3,NoBug
693087012,138,1,NoBug
-1288112517,95,2,NoBug
1826874691,72,2,NoBug
-1000994011,176,2,NoBug
-757705412,106,1,NoBug
-1003601872,10,1,NoBug
-746895165,56,3,NoBug
-1850292032,72,2,NoBug
1393007780,6,0,NoBug
145181673,51,3,NoBug
-1244378446,156,9,NoBug
-1190167636,5,1,NoBug
1550482936,160,1,NoBug
-1652748368,42,1,NoBug
-172452035,42,1,NoBug
1787230083,56,1,NoBug
728129495,6,1,NoBug
354221556,485,2,NoBug
2106944809,148,1,NoBug
570892118,18,1,NoBug
1107694844,206,2,NoBug
345589731,5,0,NoBug
1413475810,914,2,NoBug
-2081495884,306,2,NoBug
616942588,78,1,NoBug
-2028323883,158,1,NoBug
86894695,358,2,NoBug
-1261236145,23,1,NoBug
1402943146,494,2,NoBug
1232943586,136,2,NoBug
2132432229,8,1,NoBug
44921850,16,1,NoBug
1797901043,7,1,NoBug
-755468929,9,1,NoBug
-1463113670,160,3,NoBug
-712238082,392,2,NoBug
684089041,5,1,NoBug
-2079649353,65,1,NoBug
-1229564492,12,1,NoBug
-545546140,4,1,NoBug
184618318,23,1,NoBug
1529983815,66,1,NoBug
-2088155856,4,1,NoBug
1223307707,63,2,NoBug
-913903573,577,1,NoBug
333631728,13,1,NoBug
1346646410,20,1,NoBug
1787466291,123,4,NoBug
980080060,6,1,NoBug
632382263,42,2,NoBug
673161884,208,1,NoBug
-1194041051,79,14,NoBug
1892857719,221,1,NoBug
944026211,497,3,NoBug
-554374785,5,0,NoBug
-332890597,26,2,NoBug
-147470130,264,5,NoBug
1936382053,28,1,NoBug
955944744,45,1,NoBug
953337773,80,1,NoBug
-291015786,31,1,NoBug
-1682550144,86,1,NoBug
1984426893,63,1,NoBug
-1343998208,54,1,NoBug
154982971,329,4,NoBug
-1941350042,95,1,NoBug
98156867,398,1,NoBug
-659710814,44,1,NoBug
-1816899790,62,1,NoBug
-583422772,173,2,NoBug
-1881751771,96,3,NoBug
-1312235958,155,3,NoBug
-423640312,26,1,NoBug
207867891,103,3,NoBug
415139511,27,1,NoBug
303112908,22,1,NoBug
1979201145,32,2,NoBug
1400903476,176,2,NoBug
399705702,326,1,NoBug
1308734666,186,4,NoBug
-1790579283,21,1,NoBug
1488073969,42,2,NoBug
-754995968,501,4,NoBug
623323477,198,1,NoBug
317933034,1232,5,NoBug
-1815376041,149,1,NoBug
-327199593,33,1,NoBug
-1885109180,167,1,NoBug
-1136674205,41,1,NoBug
1229983506,68,1,NoBug
-653121263,60,1,NoBug
2124540353,174,2,NoBug
-475818940,157,1,NoBug
-352285899,191,1,NoBug
-1099203489,84,1,NoBug
-1190907755,199,5,NoBug
-2030371159,499,4,NoBug
1852456962,60,0,NoBug
423629555,84,1,NoBug
2073181685,7,1,NoBug
1798050098,225,1,NoBug
749011215,401,3,NoBug
-404212490,148,1,NoBug
151772085,71,6,NoBug
-528011450,72,1,NoBug
-1620215730,360,4,NoBug
-958860177,95,1,NoBug
-2072075961,93,1,NoBug
1777707804,59,1,NoBug
-1809519227,127,1,NoBug
-576077273,34,1,NoBug
-1551687194,125,1,NoBug
-2070506538,47,2,NoBug
1134447632,107,1,NoBug
524679473,4,0,NoBug
1455389733,3149,4,NoBug
-2098065611,17,1,NoBug
-1761268840,16,1,NoBug
-1598235436,442,1,NoBug
-599888818,1468,4,NoBug
1773184305,38,1,NoBug
-2096258429,51,1,NoBug
484638716,16,1,NoBug
1356036630,377,3,NoBug
-1895319422,469,1,NoBug
916597948,8,1,NoBug
337479480,261,4,NoBug
1300862133,132,1,NoBug
-65948862,67,1,NoBug
2010319556,103,3,NoBug
-1081095733,667,4,NoBug
240050046,14,1,NoBug
1779341427,217,2,NoBug
-1260615621,1170,5,NoBug
-411789663,139,6,NoBug
846703142,64,1,NoBug
-1110455146,77,1,NoBug
1597967314,110,1,NoBug
-1827195808,8,1,NoBug
622710476,9,1,NoBug
-91393409,15,1,NoBug
1990244061,22,1,NoBug
-897701780,98,3,NoBug
2050913,120,2,NoBug
-432569412,90,2,NoBug
-1857717168,52,1,NoBug
1694733821,8,1,NoBug
1425965195,9,1,NoBug
-2036572335,116,4,NoBug
-288893841,39,1,NoBug
1974302833,44,1,NoBug
-193044255,289,1,NoBug
494654353,15,1,NoBug
1541794178,94,2,NoBug
-733552065,356,2,NoBug
-723480859,30,1,NoBug
-1080426933,33,1,NoBug
-1485156794,817,4,NoBug
-1045332943,6,1,NoBug
-871422458,51,1,NoBug
57180956,28,1,NoBug
-134200073,121,3,NoBug
-347692382,5,1,NoBug
1822228372,295,1,NoBug
1046222410,166,1,NoBug
-1880703974,714,2,NoBug
1895674353,55,2,NoBug
-1844129558,75,1,NoBug
1420204791,82,3,NoBug
-963913519,210,2,NoBug
537626399,258,3,NoBug
225779903,31,2,NoBug
374625305,75,3,NoBug
-1874061025,54,1,NoBug
-1978627325,94,1,NoBug
-1948999701,74,1,NoBug
1545775539,356,1,NoBug
-1784270017,21,3,NoBug
-496970283,118,1,NoBug
-173744737,79,1,NoBug
320400773,178,1,NoBug
885155122,62,1,NoBug
-400291097,354,1,NoBug
-335956636,953,6,NoBug
1113324918,47,2,NoBug
-1267731692,53,1,NoBug
1486451724,39,1,NoBug
1438869699,680,1,NoBug
-2041579047,404,7,NoBug
1617230406,133,3,NoBug
-1616090968,33,1,NoBug
1138317126,25,1,NoBug
1024226738,189,33,NoBug
-1519220985,175,4,NoBug
-1546275511,158,4,NoBug
1328898784,310,2,NoBug
-1006863810,192,2,NoBug
-855631692,115,3,NoBug
-1210627763,104,2,NoBug
1968239128,295,1,NoBug
584956792,96,2,NoBug
1786816995,117,3,NoBug
-955887144,209,1,NoBug
-2093540707,198,1,NoBug
-475151454,122,3,NoBug
-979603468,77,1,NoBug
1385202729,19,1,NoBug
1264527602,272,4,NoBug
-772393757,77,2,NoBug
-691547536,122,3,NoBug
1394407951,628,3,NoBug
-371837667,110,1,NoBug
1656759734,236,1,NoBug
-611601112,151,2,NoBug
-893214128,28,1,NoBug
-1621713961,329,4,NoBug
1393207036,411,4,NoBug
1700696769,154,2,NoBug
-522067083,193,1,NoBug
530198121,20,1,NoBug
1001338345,91,4,NoBug
-831038101,27,1,NoBug
-387228651,284,1,NoBug
1639822800,46,1,NoBug
972165297,89,1,NoBug
1021433985,354,1,NoBug
-220138968,233,2,NoBug
981904962,46,1,NoBug
-218336827,90,1,NoBug
-1455930908,72,1,NoBug
399103440,224,5,NoBug
-484655164,71,1,NoBug
1116855226,192,2,NoBug
-2095125381,48,1,NoBug
-179009785,442,2,NoBug
1182468446,94,1,NoBug
794547753,26,1,NoBug
-230047082,229,1,NoBug
-849785744,7,1,NoBug
910783447,188,1,NoBug
-906945406,16,1,NoBug
-1249450646,65,1,NoBug
844307839,342,2,NoBug
-1208510871,56,1,NoBug
1734109137,329,6,NoBug
1994652424,195,3,NoBug
364650529,242,3,NoBug
1694875314,654,2,NoBug
1547430485,242,2,NoBug
90584786,477,3,NoBug
460716624,132,2,NoBug
-980746891,252,7,NoBug
1456419870,48,1,NoBug
-648658945,76,4,NoBug
410387175,29,1,NoBug
1517404165,129,1,NoBug
1505415052,22,1,NoBug
1990428377,109,1,NoBug
838388818,15,1,NoBug
1587189839,13,1,NoBug
-1079184596,32,1,NoBug
-522447586,99,1,NoBug
-286467697,8,1,NoBug
-1329888601,128,3,NoBug
32748,46,3,NoBug
1855191925,78,1,NoBug
1130175564,74,1,NoBug
-1611804758,52,4,NoBug
-1401925754,24,1,NoBug
-1282010713,105,1,NoBug
507277187,110,2,NoBug
1745290081,42,4,NoBug
-1269637230,63,3,NoBug
-1466358805,78,2,NoBug
-1364687858,85,1,NoBug
-1153727197,131,4,NoBug
-993254988,116,4,NoBug
1979530083,77,1,NoBug
-1689384379,31,2,NoBug
-537789796,77,1,NoBug
939533525,342,2,NoBug
2097681021,582,10,NoBug
2074820535,50,1,NoBug
-512672730,30,1,NoBug
42198755,309,2,NoBug
972892578,619,3,NoBug
1987746123,60,1,NoBug
1818041139,25,1,NoBug
-362853806,134,3,NoBug
1675625217,378,1,NoBug
1403996688,14,1,NoBug
-549055259,107,2,NoBug
-1936562724,110,1,NoBug
1410861563,243,1,NoBug
-69918433,49,1,NoBug
607867979,95,4,NoBug
1861158510,137,2,NoBug
-126105256,137,1,NoBug
1267367493,159,1,NoBug
-2029319320,232,2,NoBug
115430694,137,6,NoBug
-603066611,379,2,NoBug
1600498063,274,3,NoBug
1215642314,18,1,NoBug
123182455,151,4,NoBug
1544352676,13,1,NoBug
-1318225826,235,4,NoBug
1580580888,10,1,NoBug
1651117338,23,1,NoBug
329078221,11,1,NoBug
-481201971,344,2,NoBug
1466770412,31,2,NoBug
-486743860,35,1,NoBug
170524362,10,1,NoBug
-1583379528,47,3,NoBug
385566800,51,1,NoBug
-1087242710,155,3,NoBug
-234671455,1054,4,NoBug
-483018325,21,1,NoBug
1633144235,5,1,NoBug
-1135935901,95,4,NoBug
-2146819025,670,1,NoBug
2091840851,7,1,NoBug
-1441700826,28,4,NoBug
-543723433,17,2,NoBug
-795151924,130,1,NoBug
1626744430,147,1,NoBug
1221874640,87,3,NoBug
692842111,46,6,NoBug
1517421907,257,1,NoBug
-964227661,346,3,NoBug
457829831,155,2,NoBug
172647179,72,1,NoBug
-496194342,88,6,NoBug
-1289914466,204,2,NoBug
-1871179519,99,3,NoBug
971996722,247,1,NoBug
-367517365,53,1,NoBug
-1186355592,792,2,NoBug
2135099067,326,2,NoBug
-1714997630,61,1,NoBug
-256499993,744,1,NoBug
-1935771321,100,2,NoBug
-515713245,152,3,NoBug
-1439763645,152,2,NoBug
1637456396,24,1,NoBug
-1467551893,164,4,NoBug
1285497190,54,2,NoBug
-1536833001,203,1,NoBug
-941006016,98,2,NoBug
-1779556928,104,1,NoBug
-772632635,28,1,NoBug
-1572915572,40,1,NoBug
186645323,10,1,NoBug
517034115,17,1,NoBug
-1920792000,9,1,NoBug
834780149,7,1,NoBug
-1257566066,817,2,NoBug
855622868,72,1,NoBug
-155221034,34,1,NoBug
1403646405,180,1,NoBug
-507556935,664,1,NoBug
-168230487,91,1,NoBug
-2078424489,282,3,NoBug
-1339785786,65,1,NoBug
473030782,110,2,NoBug
-1969405471,438,2,NoBug
-346952763,82,1,NoBug
-730411074,284,5,NoBug
-1141698256,688,1,NoBug
2031470484,31,1,NoBug
-1696729644,401,1,NoBug
352022215,85,1,NoBug
1554969418,16,1,NoBug
-1815557235,347,4,NoBug
-1457579136,607,4,NoBug
1407288967,153,2,NoBug
-358570891,761,1,NoBug
-1594078807,147,2,NoBug
-2005373194,98,3,NoBug
504360843,11,1,NoBug
1958019618,23,1,NoBug
774358199,79,1,NoBug
2077956327,46,2,NoBug
832275444,29,1,NoBug
-606075239,40,3,NoBug
-73969797,12,1,NoBug
337373521,139,1,NoBug
219895301,23,1,NoBug
-2119294220,845,2,NoBug
1125277391,687,1,NoBug
-1070522929,97,2,NoBug
206133807,142,1,NoBug
-635252733,10,1,NoBug
574615149,110,3,NoBug
1365332004,112,1,NoBug
-1574079220,640,4,NoBug
1119426075,41,2,NoBug
-586147151,712,4,NoBug
860953635,17,1,NoBug
156317689,159,2,NoBug
-1377628117,32,1,NoBug
-1968580141,389,5,NoBug
-1085083986,152,2,NoBug
-1918530755,103,1,NoBug
-1499939322,40,1,NoBug
-1349572283,242,1,NoBug
-1882405586,82,1,NoBug
-81239301,479,1,NoBug
1164764020,75,3,NoBug
1766111876,250,1,NoBug
-333009835,494,2,NoBug
-1077312421,97,1,NoBug
7764852,9,1,NoBug
1737700485,39,2,NoBug
-125954445,158,2,NoBug
1287013226,25,1,NoBug
-1101297863,31,1,NoBug
1922507648,42,1,NoBug
-1210987901,120,1,NoBug
312161034,19,1,NoBug
1172953408,52,1,NoBug
-938336540,140,1,NoBug
863435465,6,1,NoBug
389312784,163,1,NoBug
1865015450,132,2,NoBug
-51369050,7,1,NoBug
-1234442942,180,1,NoBug
-1143295192,22,1,NoBug
-1139024283,117,4,NoBug
-1648727997,66,1,NoBug
-1911830739,42,1,NoBug
187650828,68,1,NoBug
-1609854173,219,1,NoBug
-1997090006,6,1,NoBug
1030991511,88,1,NoBug
-1027018460,100,1,NoBug
-1440610735,148,1,NoBug
77429855,28,2,NoBug
2015524673,376,3,NoBug
-1356590700,97,1,NoBug
-1802977907,267,5,NoBug
-290747227,264,4,NoBug
1974180759,147,4,NoBug
-1244072497,86,9,NoBug
2084691901,81,9,NoBug
1475541087,39,1,NoBug
-1439585748,53,1,NoBug
-506532511,110,2,NoBug
-1488996745,103,1,NoBug
217897709,18,1,NoBug
520258496,34,1,NoBug
56517801,144,9,NoBug
-280922620,141,1,NoBug
223614204,48,2,NoBug
-1279627324,53,1,NoBug
-737712091,61,1,NoBug
1999299444,89,1,NoBug
-1145410692,166,12,NoBug
1503416597,95,1,NoBug
-521605091,95,1,NoBug
1321588120,93,1,NoBug
-340214795,109,3,NoBug
-1676457897,218,10,NoBug
-1153835244,14,1,NoBug
1606489241,47,3,NoBug
1926034337,121,1,NoBug
-768932485,163,7,NoBug
1711310252,96,1,NoBug
1431035689,17,1,NoBug
1101021649,177,1,NoBug
76229621,33,1,NoBug
1695797009,30,1,NoBug
-1363447088,554,4,NoBug
-541523481,12,1,NoBug
-116524081,5,1,NoBug
1536034252,41,1,NoBug
486249266,11,1,NoBug
687589670,64,1,NoBug
-780704424,17,1,NoBug
1667589287,43,1,NoBug
-1314162657,13,1,NoBug
-1891542821,15,1,NoBug
1295943942,172,5,NoBug
-95480524,52,3,NoBug
-451036558,57,1,NoBug
-908750495,41,1,NoBug
2122905792,63,3,NoBug
348733017,8,1,NoBug
232361335,60,3,NoBug
-1098999790,68,2,NoBug
1065802669,12,1,NoBug
-1153862266,133,3,NoBug
1044473247,39,1,NoBug
-810255759,50,1,NoBug
-1361933474,33,2,NoBug
-1523862644,36,1,NoBug
849455576,44,2,NoBug
-846526383,57,3,NoBug
-273190352,15,1,NoBug
-1245991886,53,4,NoBug
-567272299,31,2,NoBug
-1124147902,110,2,NoBug
1074475211,63,6,NoBug
208215033,25,1,NoBug
-238955857,59,1,NoBug
2008622001,22,1,NoBug
-1766402103,292,2,NoBug
1509710449,179,1,NoBug
-2023819442,78,2,NoBug
-1760037719,40,5,NoBug
-1562243579,430,13,NoBug
-1296850871,231,1,NoBug
1983298388,32,1,NoBug
-2066200490,103,3,NoBug
239980646,207,2,NoBug
-1584076550,199,4,NoBug
-345168431,91,1,NoBug
1998333813,27,1,NoBug
-1432936026,214,3,NoBug
-1131614942,57,3,NoBug
-1256920561,118,11,NoBug
481150560,21,1,NoBug
988338830,114,2,NoBug
1434808904,156,1,NoBug
-790179681,23,1,NoBug
2053050116,30,1,NoBug
-1215554867,98,3,NoBug
-145854571,55,1,NoBug
-1066258166,80,5,NoBug
1930744994,43,1,NoBug
1826879687,28,1,NoBug
-1362321747,206,1,NoBug
775901685,210,2,NoBug
-465167971,69,2,NoBug
-1000012248,119,3,NoBug
-2082982018,62,3,NoBug
1180773599,326,1,NoBug
1450784290,464,2,NoBug
-1543354201,542,4,NoBug
-189513412,56,1,NoBug
-1806846159,53,1,NoBug
-617347366,7,1,NoBug
2059154286,16,1,NoBug
-2073405529,428,3,NoBug
-1568715052,73,2,NoBug
1500331650,16,1,NoBug
2001492502,10,1,NoBug
-1111705378,8,1,NoBug
-1386947904,46,1,NoBug
1992267410,2375,1,NoBug
425341861,19,1,NoBug
308322601,5,1,NoBug
-1133320612,33,2,NoBug
-521257058,15,1,NoBug
1686566822,66,1,NoBug
-1152121936,94,1,NoBug
355509043,161,2,NoBug
-521185659,330,1,NoBug
-27851232,72,2,NoBug
-305591585,56,1,NoBug
-2107035376,94,1,NoBug
472975436,55,7,NoBug
-230459169,18,1,NoBug
-2129212214,15,1,NoBug
-1629531941,83,1,NoBug
1259324863,17,1,NoBug
-1140921614,6,1,NoBug
-2080899567,158,2,NoBug
1843877160,65,1,NoBug
-553897714,58,2,NoBug
-1371008996,15,1,NoBug
-1849030924,40,1,NoBug
117458449,106,1,NoBug
1209037213,47,1,NoBug
530028446,186,2,NoBug
-430240379,25,1,NoBug
410959331,16,2,NoBug
-1567483969,9,1,NoBug
-1155800281,10,1,NoBug
-1221888586,5,1,NoBug
358103264,132,7,NoBug
149328702,29,2,NoBug
1769261743,143,1,NoBug
615529764,74,1,NoBug
-685863178,25,1,NoBug
1005439958,36,4,NoBug
-1783424598,35,1,NoBug
-1561541477,8,1,NoBug
1871050147,79,1,NoBug
-1741323750,56,2,NoBug
-1693625952,38,1,NoBug
-1873217025,51,1,NoBug
2103833589,40,1,NoBug
-793213445,26,4,NoBug
2126982720,6,1,NoBug
-942408838,138,1,NoBug
-1569663936,18,1,NoBug
28595871,78,2,NoBug
-1830757562,44,1,NoBug
453731776,36,3,NoBug
-287681413,100,4,NoBug
-104416409,47,1,NoBug
-490282268,82,1,NoBug
1245680811,63,1,NoBug
-1762990777,38,2,NoBug
-1773743906,14,1,NoBug
-201452622,17,1,NoBug
364086459,31,1,NoBug
-1028858182,7,1,NoBug
-677155894,27,1,NoBug
-1683671309,16,1,NoBug
-2104145675,11,1,NoBug
-531540857,49,1,NoBug
-1672885401,150,1,NoBug
-1045705600,6,1,NoBug
-1262153507,69,3,NoBug
1352504732,208,18,NoBug
-2086745576,49,1,NoBug
790518304,36,2,NoBug
1688039303,163,2,NoBug
882408608,6,1,NoBug
690244110,78,1,NoBug
-2041642326,161,2,NoBug
-98518262,111,2,NoBug
583170545,20,1,NoBug
1011417250,11,1,NoBug
1479814546,213,1,NoBug
2072594436,111,1,NoBug
-438402873,140,7,NoBug
1080294116,27,2,NoBug
221605694,66,1,NoBug
-596527817,81,1,NoBug
197442837,69,3,NoBug
1401801834,130,1,NoBug
-1966062393,6,1,NoBug
-147456347,6,1,NoBug
-203446214,219,3,NoBug
272397311,98,9,NoBug
-1852871795,399,2,NoBug
1899932608,327,1,NoBug
2129829680,4,1,NoBug
1389257803,7,1,NoBug
-944809874,7,1,NoBug
2005785410,457,3,NoBug
82670594,104,2,NoBug
739058970,69,3,NoBug
1400196859,111,1,NoBug
1898372932,91,3,NoBug
1243504601,121,2,NoBug
157988052,7,1,NoBug
-2025732385,134,1,NoBug
-293883240,54,1,NoBug
-89584912,135,1,NoBug
1127299194,240,1,NoBug
796914203,146,4,NoBug
2043358269,55,1,NoBug
-1230874897,38,2,NoBug
611826347,12,1,NoBug
-847612638,45,3,NoBug
-374250662,844,3,NoBug
-1360609105,8,1,NoBug
-565264545,84,1,NoBug
-1259843752,28,1,NoBug
-1817987095,38,2,NoBug
-1460827362,190,2,NoBug
1277321936,70,2,NoBug
437242231,32,1,NoBug
1287393722,41,1,NoBug
1525082145,42,1,NoBug
316637579,8,1,NoBug
907422526,43,1,NoBug
337018372,12,1,NoBug
-1837902419,22,1,NoBug
1401060619,105,2,NoBug
1847550337,14,1,NoBug
-1901850112,9,0,NoBug
733922591,9,0,NoBug
-1840288339,10,1,NoBug
-1981706741,10,1,NoBug
1907131759,20,1,NoBug
-1532855479,15,1,NoBug
-1882119085,10,1,NoBug
765578876,19,1,NoBug
-1246576276,235,1,NoBug
-928699914,86,1,NoBug
1611784281,16,1,NoBug
-937529645,333,1,NoBug
-814170877,24,1,NoBug
1250779941,14,1,NoBug
-1652288578,15,1,NoBug
497489501,151,1,NoBug
1504025672,7,1,NoBug
-926433789,16,1,NoBug
-1046246260,11,2,NoBug
-920548377,9,1,NoBug
-866305168,5,1,NoBug
-1465164068,16,1,NoBug
23471412,13,1,NoBug
-538079688,20,1,NoBug
328101207,22,1,NoBug
-491846191,10,1,NoBug
790771577,300,1,NoBug
1590851820,16,1,NoBug
-1127113118,11,2,NoBug
-1349687352,6,1,NoBug
710564024,71,1,NoBug
2114199607,15,1,NoBug
889509058,48,2,NoBug
-1414726897,18,1,NoBug
205685952,56,3,NoBug
1414360398,18,1,NoBug
1300194559,13,1,NoBug
-1476830767,10,1,NoBug
743823961,10,1,NoBug
-1234519005,4,0,NoBug
-165150776,10,1,NoBug
1512677263,11,1,NoBug
-1433509344,28,1,NoBug
-1090801288,8,0,NoBug
1969173573,45,1,NoBug
806402564,49,1,NoBug
-1283672847,19,1,NoBug
803034332,6,0,NoBug
691852391,46,1,NoBug
1590613642,17,1,NoBug
1231251449,4,0,NoBug
1378450895,18,1,NoBug
-1763874191,18,1,NoBug
1797963513,9,1,NoBug
-1439713753,15,1,NoBug
-2060583854,8,1,NoBug
-416016258,17,1,NoBug
-1187315993,9,0,NoBug
1883207468,9,1,NoBug
1630436144,4,1,NoBug
-2022439520,10,1,NoBug
909524598,93,2,NoBug
-241405322,10,1,NoBug
-1139590279,16,1,NoBug
-1172483219,9,0,NoBug
-711514610,12,1,NoBug
59297784,9,0,NoBug
-1095140619,37,7,NoBug
-1269634776,88,1,NoBug
1904497525,17,1,NoBug
545635410,64,1,NoBug
108690780,18,1,NoBug
-2117136342,13,1,NoBug
1109658788,19,2,NoBug
-314658695,5,1,NoBug
1939015557,12,1,NoBug
-1315778926,6,1,NoBug
1990317110,158,1,NoBug
1460279144,20,1,NoBug
362335920,7,1,NoBug
-424274247,27,1,NoBug
317567070,9,1,NoBug
2063673718,40,1,NoBug
-515925890,31,1,NoBug
773072232,4,1,NoBug
-2028055985,89,1,NoBug
-1691857946,15,1,NoBug
2017676957,5,1,NoBug
2144658774,3,0,NoBug
-310205845,29,1,NoBug
-195062966,80,1,NoBug
-447498818,57,1,NoBug
940194147,20,1,NoBug
-1093509222,15,1,NoBug
-1580583940,20,1,NoBug
527961761,24,1,NoBug
-1370930224,13,1,NoBug
-1453394463,15,0,NoBug
-1572478277,4,0,NoBug
-2074716273,14,1,NoBug
-1341089496,15,0,NoBug
-818359704,4,0,NoBug
475781491,4,0,NoBug
-2038058245,31,3,NoBug
1711145892,264,5,NoBug
68081308,29,1,NoBug
-1916819914,31,6,NoBug
169841981,17,2,NoBug
-1341393665,23,3,NoBug
-1647632054,30,1,NoBug
-2075744042,115,7,NoBug
403090800,264,11,NoBug
-1974987482,25,1,NoBug
587106069,41,2,NoBug
-1785576325,43,2,NoBug
-333091396,10,1,NoBug
-885511593,57,4,NoBug
693494669,74,6,NoBug
62728714,10,1,NoBug
1637578209,128,1,NoBug
1461391457,16,1,NoBug
1966305916,21,1,NoBug
-1021133518,17,1,NoBug
-1207568327,25,2,NoBug
-286334570,42,1,NoBug
1484088904,36,4,NoBug
-158679151,42,1,NoBug
-7519070,125,1,NoBug
-1291380603,23,1,NoBug
-1399083136,31,1,NoBug
211288565,29,0,NoBug
-595926899,23,1,NoBug
1010457195,10,1,NoBug
-574974074,10,1,NoBug
-651533111,14,1,NoBug
1551471794,13,1,NoBug
180893676,10,1,NoBug
171547998,16,1,NoBug
1629609664,23,1,NoBug
-2129954118,14,1,NoBug
-71755514,21,1,NoBug
850290387,17,1,NoBug
-1868332000,13,1,NoBug
1753304668,12,1,NoBug
906114702,30,1,NoBug
527920907,12,1,NoBug
1561114421,54,4,NoBug
968300379,59,1,NoBug
-1974896686,20,1,NoBug
-382845803,55,2,NoBug
-1451346316,54,1,NoBug
995547761,41,1,NoBug
1035623647,15,1,NoBug
1801109654,10,1,NoBug
-1205015446,16,1,NoBug
1440912667,44,4,NoBug
1594194117,10,1,NoBug
-546175583,39,12,NoBug
91538065,6,1,NoBug
1581003422,3,0,NoBug
792810321,11,1,NoBug
-1399723663,6,1,NoBug
-817678149,6,1,NoBug
-1353342569,14,1,NoBug
-1684764616,17,2,NoBug
964473192,13,1,NoBug
-1629240090,19,1,NoBug
-40348451,40,1,NoBug
-934002920,8,1,NoBug
-1249392355,388,1,NoBug
-1168962204,28,6,NoBug
-1715870274,118,2,NoBug
1622872537,18,1,NoBug
189963759,53,1,NoBug
315505336,21,1,NoBug
2051696562,20,1,NoBug
160537714,53,1,NoBug
118463744,117,1,NoBug
-571116329,48,5,NoBug
1058706721,80,2,NoBug
-329567812,65,2,NoBug
949326872,31,1,NoBug
2024574100,35,1,NoBug
25735622,79,1,NoBug
2094118554,91,1,NoBug
-1366152820,15,1,NoBug
546096000,31,1,NoBug
2121894580,262,1,NoBug
-1423117303,15,1,NoBug
-480429788,16,1,NoBug
1226206620,23,1,NoBug
-1653648315,51,1,NoBug
-1009942693,12,1,NoBug
-1320068171,15,1,NoBug
1878170913,13,1,NoBug
-229023690,6,1,NoBug
539225966,29,1,NoBug
171178353,139,1,NoBug
93919628,35,1,NoBug
-582103210,14,2,NoBug
-500719575,45,1,NoBug
496911333,5,1,NoBug
-1046946091,27,1,NoBug
417903993,5,1,NoBug
-1789932666,26,1,NoBug
-1148324160,9,1,NoBug
-985803676,24,1,NoBug
717515321,19,1,NoBug
348306363,6,1,NoBug
-1640969628,6,1,NoBug
1601065405,16,1,NoBug
573631038,16,1,NoBug
-647136059,14,1,NoBug
-188059329,9,1,NoBug
713128422,35,1,NoBug
-812353886,15,1,NoBug
1413522559,14,1,NoBug
1982831967,10,1,NoBug
-46426290,10,1,NoBug
737840565,4,1,NoBug
-804628321,116,1,NoBug
-1504678574,29,1,NoBug
-496314720,150,1,NoBug
-1041267653,33,1,NoBug
1373212968,9,0,NoBug
-279720574,23,1,NoBug
125044729,4,1,NoBug
298797363,12,1,NoBug
-856986651,12,1,NoBug
1232713961,4,1,NoBug
-1977314680,12,1,NoBug
1359884906,11,1,NoBug
433390896,28,1,NoBug
415611269,20,0,NoBug
309971927,7,1,NoBug
881466222,4,1,NoBug
-1344252696,20,1,NoBug
558799614,17,1,NoBug
401639800,17,1,NoBug
346048911,47,1,NoBug
994023425,12,1,NoBug
1451074993,16,1,NoBug
94504815,6,0,NoBug
-1470808191,6,1,NoBug
-1312474114,9,1,NoBug
-853384117,6,0,NoBug
-505607245,16,1,NoBug
852889847,17,1,NoBug
-1536232827,18,1,NoBug
436039764,6,1,NoBug
665835754,66,1,NoBug
837527385,35,2,NoBug
-458773814,10,1,NoBug
-514859254,92,1,NoBug
-1925732551,43,1,NoBug
1309913329,5,1,NoBug
1223715172,49,1,NoBug
-1271515445,12,1,NoBug
1761332519,73,1,NoBug
-1544416380,6,0,NoBug
1500155857,5,0,NoBug
-1569507922,29,7,NoBug
-139330034,3,0,NoBug
504369215,42,2,NoBug
-1636863275,58,2,NoBug
500678083,4,1,NoBug
414989714,16,1,NoBug
1752851931,4,1,NoBug
-1645265702,16,1,NoBug
-1534231706,57,2,NoBug
992126305,60,1,NoBug
1177963716,9,1,NoBug
-742084834,41,1,NoBug
-1154067482,16,1,NoBug
307288211,73,2,NoBug
646933985,46,1,NoBug
417885397,10,1,NoBug
-732533220,78,3,NoBug
1060116793,42,1,NoBug
-1185783900,5,1,NoBug
874094018,209,3,NoBug
-1227247814,54,2,NoBug
939625068,7,1,NoBug
-1787232981,45,4,NoBug
318054966,19,1,NoBug
-550015663,81,2,NoBug
513920982,34,1,NoBug
-184300054,68,5,NoBug
1638445333,12,1,NoBug
-1007277356,4,0,NoBug
1775319049,4,1,NoBug
-1980398523,19,2,NoBug
-2140025632,7,1,NoBug
317295456,33,1,NoBug
-1825047311,10,1,NoBug
1236641655,5,1,NoBug
-897081590,15,1,NoBug
447192902,15,1,NoBug
-1504489748,8,1,NoBug
619699370,16,1,NoBug
439566209,21,2,NoBug
1658553009,4,0,NoBug
-450723748,39,3,NoBug
